product,category,reddit_matching_posts,reddit_total_upvotes,reddit_total_comments,reddit_example_links,trends_avg_interest_0_100,trends_recent_vs_prior_pct_change,printables_listing_count,makerworld_listing_count,total_listings,score_reddit_volume,score_reddit_engagement,score_trends_interest,score_trends_momentum,score_marketplace_gap,demand_score
MTB chain guide / bash guard,mtb_general,22.0,340.0,90.0,,35.0,22.0,0.0,0.0,0.0,100.0,100.0,100.0,100.0,80.0,97.0
Rad Power Bikes battery terminal / fuse cover,rad_power_bikes,14.0,210.0,58.0,,18.0,12.0,0.0,0.0,0.0,63.63636363636363,62.32558139534884,51.42857142857142,61.53846153846154,50.857142857142854,58.2
Rad Power charging port dust cap,rad_power_bikes,6.0,40.0,12.0,,9.0,-4.0,0.0,0.0,0.0,27.27272727272727,12.093023255813954,25.71428571428571,0.0,35.42857142857143,22.3
Fender / mudguard bracket,,0.0,0.0,0.0,,0.0,0.0,0.0,0.0,0.0,0.0,0.0,0.0,15.384615384615385,20.0,4.5
GoPro / action cam mount for MTB helmet or bars,,0.0,0.0,0.0,,0.0,0.0,0.0,0.0,0.0,0.0,0.0,0.0,15.384615384615385,20.0,4.5
MTB cable/hose routing clips,,0.0,0.0,0.0,,0.0,0.0,0.0,0.0,0.0,0.0,0.0,0.0,15.384615384615385,20.0,4.5
MTB frame protector / chainstay guard,,0.0,0.0,0.0,,0.0,0.0,0.0,0.0,0.0,0.0,0.0,0.0,15.384615384615385,20.0,4.5
Rad Power cargo net hooks,,0.0,0.0,0.0,,0.0,0.0,0.0,0.0,0.0,0.0,0.0,0.0,15.384615384615385,20.0,4.5
Rad Power display / phone mount,,0.0,0.0,0.0,,0.0,0.0,0.0,0.0,0.0,0.0,0.0,0.0,15.384615384615385,20.0,4.5
Rad Power kickstand foot / base widener,,0.0,0.0,0.0,,0.0,0.0,0.0,0.0,0.0,0.0,0.0,0.0,15.384615384615385,20.0,4.5
