product,etsy_query,etsy_listing_count,etsy_sample_favorites,etsy_top_title,etsy_note
Rad Power Bikes battery terminal / fuse cover,rad power fuse cover,2,15,"Rad Power Bike Battery Fuse Cover Replacements - Multi Packs - Compatible with RadRunner, ",rad power battery terminal cover=1; rad power fuse cover=2; radpower terminal cap=0; Rad Power Bikes battery terminal / fuse cover=0
Rad Power charging port dust cap,ebike charge port cover,3,60,Black Replacement Charging Port Cap Cover for Haibike / Winora e-bikes with Yamaha PW-X3 M,rad power charging port cap=0; rad power charge port plug=1; ebike charge port cover=3; Rad Power charging port dust cap=0
Rad Power cargo net hooks,rad power cargo net hook,0,0,,rad power cargo net hook=0; radrunner cargo hook replacement=0; Rad Power cargo net hooks=0
Rad Power kickstand foot / base widener,rad power kickstand foot,0,0,,rad power kickstand foot=0; radrunner kickstand widener=0; ebike kickstand base extender=0; Rad Power kickstand foot / base widener=0
Rad Power display / phone mount,ebike display mount 3d print,6,9,Kiox 300/500 Halterung – 3D-gedruckter Ahead Vorbau Mount – Bosch E‑Bike Display & Smartph,rad power phone mount=0; radrunner handlebar mount=0; ebike display mount 3d print=6; Rad Power display / phone mount=0
Rad kickstand anti-rattle hook,radwagon kickstand anti rattle,1,11,RadWagon 4 Kickstand Holder | StandKeeper for Rad Power Bikes | 3D Printed E-Bike Accessor,radwagon 4 kickstand hook=0; radwagon kickstand anti rattle=1; radrunner kickstand stabilizer=0; rad power kickstand clip=1; Rad kickstand anti-rattle hook=0
Rad display weather / sun cover,rad power screen cover,9,494,RAD Power Bike Screen Cover,radrover display cover=0; rad power screen cover=9; radrover 6 sun hood=0; ebike display rain cap=0; rad ui clasp cover=0; Rad display weather / sun cover=0
Rad rack pannier adapter,radrunner pannier adapter,0,0,,radrunner pannier adapter=0; radwagon pannier hook=0; rad power ortlieb adapter=0; fat rack pannier adapter=0; Rad rack pannier adapter=0
RadRunner 3 / Max / Radster storage mount,radrunner 3 console alternative,0,0,,radrunner 3 console alternative=0; radrunner max storage mount=0; radster step through box=0; radrunner 3 field box mount=0; RadRunner 3 / Max / Radster storage mount=0
RadWagon 4 caboose fishing rod holder,radwagon 4 fishing rod holder,0,0,,radwagon 4 fishing rod holder=0; radwagon caboose rod holder=0; rad power caboose fishing mount=0; RadWagon 4 caboose fishing rod holder=0
