product,printables_listing_count,cults_listing_count
Rad Power Bikes battery terminal / fuse cover,0,42
Rad Power charging port dust cap,0,2
Rad Power cargo net hooks,0,5
Rad Power kickstand foot / base widener,0,12
Rad Power display / phone mount,0,2
MTB chain guide / bash guard,4,18
MTB cable/hose routing clips,2,4
MTB frame protector / chainstay guard,0,7
GoPro / action cam mount for MTB helmet or bars,13,91
Fender / mudguard bracket,11,26
FPV drone GoPro / action-cam mount,61,1200
FPV drone arm / frame crash guard,5,123
FPV drone antenna / VTX mount,48,975
Automotive interior trim clip replacement,0,244
Automotive phone/tablet mount bracket,1,53
Automotive cable routing bracket,1,6
UTV GoPro / accessory mount,0,3
UTV cup holder / storage bracket,6,156
UTV snorkel / vent mount bracket,0,156
