product,category,reddit_matching_posts,reddit_total_upvotes,reddit_total_comments,reddit_example_links
Rad Power Bikes battery terminal / fuse cover,rad_power_bikes,0,0,0,
Rad Power charging port dust cap,rad_power_bikes,0,0,0,
Rad Power cargo net hooks,rad_power_bikes,0,0,0,
Rad Power kickstand foot / base widener,rad_power_bikes,0,0,0,
Rad Power display / phone mount,rad_power_bikes,0,0,0,
MTB chain guide / bash guard,mtb_general,0,0,0,
MTB cable/hose routing clips,mtb_general,0,0,0,
MTB frame protector / chainstay guard,mtb_general,0,0,0,
GoPro / action cam mount for MTB helmet or bars,mtb_general,0,0,0,
Fender / mudguard bracket,mtb_general,0,0,0,
FPV drone GoPro / action-cam mount,drone_fpv,3,3,9,https://www.reddit.com/r/fpv/comments/1k6wik1/help_betafpv_pavo_femto_o4_camera_mount/ | https://www.reddit.com/r/fpv/comments/1k6oyja/fpv_rookie_dilemma_repair_wait_has_me_questioning/ | https://www.reddit.com/r/fpv/comments/1ium6z2/n3_goggle_thoughts_after_flying_with_them_and/
FPV drone arm / frame crash guard,drone_fpv,0,0,0,
FPV drone antenna / VTX mount,drone_fpv,5,19,5,https://www.reddit.com/r/fpv/comments/1km1dj0/help_me_build_this_please/ | https://www.reddit.com/r/fpv/comments/1k6hvyd/first_freestyle_build_am_i_good_to_go/ | https://www.reddit.com/r/fpv/comments/1jlzhn7/upgrading_to_walksnail_1s_lite_on_a_5_frame/
Automotive interior trim clip replacement,automotive,0,0,0,
Automotive phone/tablet mount bracket,automotive,0,0,0,
Automotive cable routing bracket,automotive,0,0,0,
UTV GoPro / accessory mount,atv_utv,0,0,0,
UTV cup holder / storage bracket,atv_utv,0,0,0,
UTV snorkel / vent mount bracket,atv_utv,0,0,0,
